{"version": {"json_export": "187", "page_segmentation": "5", "schema": "1.1.0", "structure": "1.1036.0", "table_structure": "5"}, "extended_metadata": {"ID_instance": "2E 20 00 70 52 B7 B2 11 0A 00 67 45 8B 6B C6 23 ", "ID_permanent": "36 42 20 43 35 20 46 44 20 36 46 20 35 32 20 42 37 20 42 32 20 31 31 20 30 41 20 30 30 20 36 37 20 34 35 20 38 42 20 36 42 20 43 36 20 32 33 20 ", "pdf_version": "1.6", "pdfa_compliance_level": "", "is_encrypted": false, "has_acroform": false, "is_digitally_signed": false, "pdfua_compliance_level": "", "page_count": 1, "has_embedded_files": false, "is_certified": false, "is_XFA": false, "language": "en-US"}, "elements": [{"Bounds": [76.72799682617188, 734.4232025146484, 171.43968200683594, 743.8782348632812], "ClipBounds": [76.72799682617188, 734.4232025146484, 171.43968200683594, 743.8782348632812], "Font": {"alt_family_name": "Arial", "embedded": true, "encoding": "WinAnsiEncoding", "family_name": "Arial", "font_type": "TrueType", "italic": false, "monospaced": false, "name": "UHUDOE+Arial-BoldMT", "subset": true, "weight": 700}, "HasClip": true, "Page": 0, "Path": "//Document/Sect/P/Sub", "Text": "NearBy Electronics ", "TextSize": 10.080001831054688, "attributes": {"Placement": "Block"}}, {"Bounds": [76.72799682617188, 721.1031951904297, 214.52447509765625, 730.5582427978516], "ClipBounds": [76.72799682617188, 721.1031951904297, 214.52447509765625, 730.5582427978516], "Font": {"alt_family_name": "Arial", "embedded": true, "encoding": "WinAnsiEncoding", "family_name": "Arial MT", "font_type": "TrueType", "italic": false, "monospaced": false, "name": "DFIFKM+ArialMT", "subset": true, "weight": 400}, "HasClip": true, "Page": 0, "Path": "//Document/Sect/P/Sub[2]", "Text": "3741 Glory Road, Jamestown, ", "TextSize": 10.080001831054688, "attributes": {"Placement": "Block"}}, {"Bounds": [76.72799682617188, 708.1132049560547, 155.30166625976562, 717.5682373046875], "ClipBounds": [76.72799682617188, 708.1132049560547, 155.30166625976562, 717.5682373046875], "Font": {"alt_family_name": "Arial", "embedded": true, "encoding": "WinAnsiEncoding", "family_name": "Arial MT", "font_type": "TrueType", "italic": false, "monospaced": false, "name": "DFIFKM+ArialMT", "subset": true, "weight": 400}, "HasClip": true, "Page": 0, "Path": "//Document/Sect/P/Sub[3]", "Text": "Tennessee, USA ", "TextSize": 10.080001831054688, "attributes": {"Placement": "Block"}}, {"Bounds": [76.72799682617188, 694.7931976318359, 107.43167114257812, 704.2482452392578], "ClipBounds": [76.72799682617188, 694.7931976318359, 107.43167114257812, 704.2482452392578], "Font": {"alt_family_name": "Arial", "embedded": true, "encoding": "WinAnsiEncoding", "family_name": "Arial MT", "font_type": "TrueType", "italic": false, "monospaced": false, "name": "DFIFKM+ArialMT", "subset": true, "weight": 400}, "HasClip": true, "Page": 0, "Path": "//Document/Sect/P/Sub[4]", "Text": "38556 ", "TextSize": 10.080001831054688, "attributes": {"Placement": "Block"}}, {"Bounds": [356.97999572753906, 721.1031951904297, 543.2452850341797, 730.5582427978516], "ClipBounds": [356.97999572753906, 721.1031951904297, 543.2452850341797, 730.5582427978516], "Font": {"alt_family_name": "Arial", "embedded": true, "encoding": "WinAnsiEncoding", "family_name": "Arial", "font_type": "TrueType", "italic": false, "monospaced": false, "name": "UHUDOE+Arial-BoldMT", "subset": true, "weight": 700}, "HasClip": true, "Page": 0, "Path": "//Document/Sect/P[2]/Sub", "Text": "Invoice# CH3503640XOWVOKEUAFXQ ", "TextSize": 10.080001831054688, "attributes": {"Placement": "Block"}}, {"Bounds": [491.3300018310547, 708.1132049560547, 543.2117614746094, 717.5682373046875], "ClipBounds": [491.3300018310547, 708.1132049560547, 543.2117614746094, 717.5682373046875], "Font": {"alt_family_name": "Arial", "embedded": true, "encoding": "WinAnsiEncoding", "family_name": "Arial", "font_type": "TrueType", "italic": false, "monospaced": false, "name": "UHUDOE+Arial-BoldMT", "subset": true, "weight": 700}, "HasClip": true, "Page": 0, "Path": "//Document/Sect/P[2]/Sub[2]", "Text": "Issue date ", "TextSize": 10.080001831054688, "attributes": {"Placement": "Block"}}, {"Bounds": [489.1699981689453, 694.7931976318359, 543.3080749511719, 704.2482452392578], "ClipBounds": [489.1699981689453, 694.7931976318359, 543.3080749511719, 704.2482452392578], "Font": {"alt_family_name": "Arial", "embedded": true, "encoding": "WinAnsiEncoding", "family_name": "Arial MT", "font_type": "TrueType", "italic": false, "monospaced": false, "name": "DFIFKM+ArialMT", "subset": true, "weight": 400}, "HasClip": true, "Page": 0, "Path": "//Document/Sect/P[2]/Sub[3]", "Text": "12-05-2023 ", "TextSize": 10.080001831054688, "attributes": {"Placement": "Block"}}, {"Bounds": [76.72799682617188, 649.9085540771484, 295.7052459716797, 673.2309875488281], "ClipBounds": [76.72799682617188, 649.9085540771484, 295.7052459716797, 673.2309875488281], "Font": {"alt_family_name": "Arial", "embedded": true, "encoding": "WinAnsiEncoding", "family_name": "Arial MT", "font_type": "TrueType", "italic": false, "monospaced": false, "name": "DFIFKM+ArialMT", "subset": true, "weight": 400}, "HasClip": true, "Lang": "en", "Page": 0, "Path": "//Document/Sect/Title", "Text": "NearBy Electronics ", "TextSize": 24.863998413085938, "attributes": {"LineHeight": 29.875, "SpaceAfter": 7}}, {"Bounds": [76.72799682617188, 633.9331970214844, 460.8868713378906, 643.3882446289062], "ClipBounds": [76.72799682617188, 633.9331970214844, 460.8868713378906, 643.3882446289062], "Font": {"alt_family_name": "Arial", "embedded": true, "encoding": "WinAnsiEncoding", "family_name": "Arial MT", "font_type": "TrueType", "italic": false, "monospaced": false, "name": "DFIFKM+ArialMT", "subset": true, "weight": 400}, "HasClip": true, "Lang": "en", "Page": 0, "Path": "//Document/Sect/P[3]", "Text": "We are here to serve you better. Reach out to us in case of any concern or feedbacks. ", "TextSize": 10.080001831054688, "attributes": {"SpaceAfter": 18}}, {"Bounds": [81.04800415039062, 580.9832000732422, 122.99087524414062, 590.438232421875], "ClipBounds": [81.04800415039062, 580.9832000732422, 122.99087524414062, 590.438232421875], "Font": {"alt_family_name": "Arial", "embedded": true, "encoding": "WinAnsiEncoding", "family_name": "Arial", "font_type": "TrueType", "italic": false, "monospaced": false, "name": "UHUDOE+Arial-BoldMT", "subset": true, "weight": 700}, "HasClip": true, "Lang": "en", "Page": 0, "Path": "//Document/Sect[2]/H1", "Text": "BILL TO ", "TextSize": 10.080001831054688}, {"Bounds": [81.04800415039062, 567.6631927490234, 136.81048583984375, 577.1182403564453], "ClipBounds": [81.04800415039062, 567.6631927490234, 136.81048583984375, 577.1182403564453], "Font": {"alt_family_name": "Arial", "embedded": true, "encoding": "WinAnsiEncoding", "family_name": "Arial MT", "font_type": "TrueType", "italic": false, "monospaced": false, "name": "DFIFKM+ArialMT", "subset": true, "weight": 400}, "HasClip": true, "Page": 0, "Path": "//Document/Sect[2]/P/Sub", "Text": "Terri Ernser ", "TextSize": 10.080001831054688, "attributes": {"Placement": "Block"}}, {"Bounds": [81.04800415039062, 554.6831970214844, 195.8188018798828, 564.1382446289062], "ClipBounds": [81.04800415039062, 554.6831970214844, 195.8188018798828, 564.1382446289062], "Font": {"alt_family_name": "Arial", "embedded": true, "encoding": "WinAnsiEncoding", "family_name": "Arial MT", "font_type": "TrueType", "italic": false, "monospaced": false, "name": "DFIFKM+ArialMT", "subset": true, "weight": 400}, "HasClip": true, "Page": 0, "Path": "//Document/Sect[2]/P/Sub[2]", "Text": "Terri.Ernser@yahoo.com ", "TextSize": 10.080001831054688, "attributes": {"Placement": "Block"}}, {"Bounds": [81.04800415039062, 541.3632049560547, 146.34808349609375, 550.8182373046875], "ClipBounds": [81.04800415039062, 541.3632049560547, 146.34808349609375, 550.8182373046875], "Font": {"alt_family_name": "Arial", "embedded": true, "encoding": "WinAnsiEncoding", "family_name": "Arial MT", "font_type": "TrueType", "italic": false, "monospaced": false, "name": "DFIFKM+ArialMT", "subset": true, "weight": 400}, "HasClip": true, "Page": 0, "Path": "//Document/Sect[2]/P/Sub[3]", "Text": "415-897-1517 ", "TextSize": 10.080001831054688, "attributes": {"Placement": "Block"}}, {"Bounds": [81.04800415039062, 528.0431976318359, 159.7123260498047, 537.4982452392578], "ClipBounds": [81.04800415039062, 528.0431976318359, 159.7123260498047, 537.4982452392578], "Font": {"alt_family_name": "Arial", "embedded": true, "encoding": "WinAnsiEncoding", "family_name": "Arial MT", "font_type": "TrueType", "italic": false, "monospaced": false, "name": "DFIFKM+ArialMT", "subset": true, "weight": 400}, "HasClip": true, "Page": 0, "Path": "//Document/Sect[2]/P/Sub[4]", "Text": "231 Jayne Fields ", "TextSize": 10.080001831054688, "attributes": {"Placement": "Block"}}, {"Bounds": [81.04800415039062, 514.7232055664062, 121.09584045410156, 524.1782379150391], "ClipBounds": [81.04800415039062, 514.7232055664062, 121.09584045410156, 524.1782379150391], "Font": {"alt_family_name": "Arial", "embedded": true, "encoding": "WinAnsiEncoding", "family_name": "Arial MT", "font_type": "TrueType", "italic": false, "monospaced": false, "name": "DFIFKM+ArialMT", "subset": true, "weight": 400}, "HasClip": true, "Page": 0, "Path": "//Document/Sect[2]/P/Sub[5]", "Text": "Mwanza ", "TextSize": 10.080001831054688, "attributes": {"Placement": "Block"}}, {"Bounds": [240.25999450683594, 580.9832000732422, 286.1240692138672, 590.438232421875], "ClipBounds": [240.25999450683594, 580.9832000732422, 286.1240692138672, 590.438232421875], "Font": {"alt_family_name": "Arial", "embedded": true, "encoding": "WinAnsiEncoding", "family_name": "Arial", "font_type": "TrueType", "italic": false, "monospaced": false, "name": "UHUDOE+Arial-BoldMT", "subset": true, "weight": 700}, "HasClip": true, "Lang": "en", "Page": 0, "Path": "//Document/Sect[3]/H1", "Text": "DETAILS ", "TextSize": 10.080001831054688}, {"Bounds": [240.25999450683594, 567.6631927490234, 358.6798400878906, 577.1182403564453], "ClipBounds": [240.25999450683594, 567.6631927490234, 358.6798400878906, 577.1182403564453], "Font": {"alt_family_name": "Arial", "embedded": true, "encoding": "WinAnsiEncoding", "family_name": "Arial MT", "font_type": "TrueType", "italic": false, "monospaced": false, "name": "DFIFKM+ArialMT", "subset": true, "weight": 400}, "HasClip": true, "Page": 0, "Path": "//Document/Sect[3]/P/Sub", "Text": "adipisicing ea dolore in ad ", "TextSize": 10.080001831054688, "attributes": {"Placement": "Block"}}, {"Bounds": [240.25999450683594, 554.6831970214844, 299.73199462890625, 564.1382446289062], "ClipBounds": [240.25999450683594, 554.6831970214844, 299.73199462890625, 564.1382446289062], "Font": {"alt_family_name": "Arial", "embedded": true, "encoding": "WinAnsiEncoding", "family_name": "Arial MT", "font_type": "TrueType", "italic": false, "monospaced": false, "name": "DFIFKM+ArialMT", "subset": true, "weight": 400}, "HasClip": true, "Page": 0, "Path": "//Document/Sect[3]/P/Sub[2]", "Text": "est minim do ", "TextSize": 10.080001831054688, "attributes": {"Placement": "Block"}}, {"Bounds": [412.8000030517578, 580.9832000732422, 464.58103942871094, 590.438232421875], "ClipBounds": [412.8000030517578, 580.9832000732422, 464.58103942871094, 590.438232421875], "Font": {"alt_family_name": "Arial", "embedded": true, "encoding": "WinAnsiEncoding", "family_name": "Arial", "font_type": "TrueType", "italic": false, "monospaced": false, "name": "UHUDOE+Arial-BoldMT", "subset": true, "weight": 700}, "HasClip": true, "Lang": "en", "Page": 0, "Path": "//Document/Sect[4]/H1", "Text": "PAYMENT ", "TextSize": 10.080001831054688}, {"Bounds": [412.8000030517578, 567.6631927490234, 513.0480804443359, 577.1182403564453], "ClipBounds": [412.8000030517578, 567.6631927490234, 513.0480804443359, 577.1182403564453], "Font": {"alt_family_name": "Arial", "embedded": true, "encoding": "WinAnsiEncoding", "family_name": "Arial MT", "font_type": "TrueType", "italic": false, "monospaced": false, "name": "DFIFKM+ArialMT", "subset": true, "weight": 400}, "HasClip": true, "Lang": "en", "Page": 0, "Path": "//Document/Sect[4]/P", "Text": "Due date: 01-07-2023 ", "TextSize": 10.080001831054688, "attributes": {"SpaceAfter": 18}}, {"Bounds": [410.63999938964844, 535.3764038085938, 459.87107849121094, 545.844482421875], "ClipBounds": [410.63999938964844, 535.3764038085938, 459.87107849121094, 545.844482421875], "Font": {"alt_family_name": "Arial", "embedded": true, "encoding": "WinAnsiEncoding", "family_name": "Arial", "font_type": "TrueType", "italic": false, "monospaced": false, "name": "UHUDOE+Arial-BoldMT", "subset": true, "weight": 700}, "HasClip": true, "Lang": "en", "Page": 0, "Path": "//Document/Sect[4]/Aside/P", "Text": "$14856.6 ", "TextSize": 11.160003662109375, "attributes": {"SpaceAfter": 18}}, {"Bounds": [77.447998046875, 443.033203125, 530.1510314941406, 452.4882354736328], "ClipBounds": [77.447998046875, 443.033203125, 530.1510314941406, 452.4882354736328], "Page": 0, "Path": "//Document/Sect[4]/Table", "attributes": {"BBox": [71.5170999999973, 428.17499999998836, 540.9379999999946, 460.93299999999], "NumCol": 4, "Placement": "Block", "SpaceAfter": 18}, "filePaths": ["tables/fileoutpart0.xlsx", "tables/fileoutpart1.png"]}, {"Bounds": [77.447998046875, 443.033203125, 104.47239685058594, 452.4882354736328], "ClipBounds": [77.447998046875, 443.033203125, 104.47239685058594, 452.4882354736328], "Page": 0, "Path": "//Document/Sect[4]/Table/TR/TD", "attributes": {"BBox": [71.5170999999973, 427.33499999999185, 358.78499999998894, 460.93299999999], "BlockAlign": "Middle", "BorderColor": [[0, 0, 0], [0.6235349999999755, 0.6235349999999755, 0.6235349999999755], [0, 0, 0], [0, 0, 0]], "BorderStyle": "Solid", "BorderThickness": [0.625, 0.875, 0.5, 0.25], "ColIndex": 0, "Height": 33.625, "InlineAlign": "Start", "RowIndex": 0, "Width": 287.25}}, {"Bounds": [77.447998046875, 443.033203125, 104.47239685058594, 452.4882354736328], "ClipBounds": [77.447998046875, 443.033203125, 104.47239685058594, 452.4882354736328], "Font": {"alt_family_name": "Arial", "embedded": true, "encoding": "WinAnsiEncoding", "family_name": "Arial", "font_type": "TrueType", "italic": false, "monospaced": false, "name": "UHUDOE+Arial-BoldMT", "subset": true, "weight": 700}, "HasClip": true, "Lang": "en", "Page": 0, "Path": "//Document/Sect[4]/Table/TR/TD/P", "Text": "ITEM ", "TextSize": 10.080001831054688, "attributes": {"LineHeight": 12.125}}, {"Bounds": [363.1000061035156, 443.033203125, 386.6570281982422, 452.4882354736328], "ClipBounds": [363.1000061035156, 443.033203125, 386.6570281982422, 452.4882354736328], "Page": 0, "Path": "//Document/Sect[4]/Table/TR/TD[2]", "attributes": {"BBox": [358.304999999993, 427.33499999999185, 415.6629999999859, 460.93299999999], "BlockAlign": "Middle", "BorderColor": [[0, 0, 0], [0.6235349999999755, 0.6235349999999755, 0.6235349999999755], [0, 0, 0], [0, 0, 0]], "BorderStyle": "Solid", "BorderThickness": [0.625, 0.875, 0.25, 0.25], "ColIndex": 1, "Height": 33.625, "InlineAlign": "Start", "RowIndex": 0, "Width": 57.375}}, {"Bounds": [363.1000061035156, 443.033203125, 386.6570281982422, 452.4882354736328], "ClipBounds": [363.1000061035156, 443.033203125, 386.6570281982422, 452.4882354736328], "Font": {"alt_family_name": "Arial", "embedded": true, "encoding": "WinAnsiEncoding", "family_name": "Arial", "font_type": "TrueType", "italic": false, "monospaced": false, "name": "UHUDOE+Arial-BoldMT", "subset": true, "weight": 700}, "HasClip": true, "Lang": "en", "Page": 0, "Path": "//Document/Sect[4]/Table/TR/TD[2]/P", "Text": "QTY ", "TextSize": 10.080001831054688, "attributes": {"LineHeight": 12.125}}, {"Bounds": [420.3800048828125, 443.033203125, 450.7712707519531, 452.4882354736328], "ClipBounds": [420.3800048828125, 443.033203125, 450.7712707519531, 452.4882354736328], "Page": 0, "Path": "//Document/Sect[4]/Table/TR/TD[3]", "attributes": {"BBox": [415.18299999999, 427.33499999999185, 481.8999999999942, 460.93299999999], "BlockAlign": "Middle", "BorderColor": [[0, 0, 0], [0.6235349999999755, 0.6235349999999755, 0.6235349999999755], [0, 0, 0], [0, 0, 0]], "BorderStyle": "Solid", "BorderThickness": [0.625, 0.875, 0.25, 0.25], "ColIndex": 2, "Height": 33.625, "InlineAlign": "Start", "RowIndex": 0, "Width": 66.75}}, {"Bounds": [420.3800048828125, 443.033203125, 450.7712707519531, 452.4882354736328], "ClipBounds": [420.3800048828125, 443.033203125, 450.7712707519531, 452.4882354736328], "Font": {"alt_family_name": "Arial", "embedded": true, "encoding": "WinAnsiEncoding", "family_name": "Arial", "font_type": "TrueType", "italic": false, "monospaced": false, "name": "UHUDOE+Arial-BoldMT", "subset": true, "weight": 700}, "HasClip": true, "Lang": "en", "Page": 0, "Path": "//Document/Sect[4]/Table/TR/TD[3]/P", "Text": "RATE ", "TextSize": 10.080001831054688, "attributes": {"LineHeight": 12.125}}, {"Bounds": [483.4100036621094, 443.033203125, 530.1510314941406, 452.4882354736328], "ClipBounds": [483.4100036621094, 443.033203125, 530.1510314941406, 452.4882354736328], "Page": 0, "Path": "//Document/Sect[4]/Table/TR/TD[4]", "attributes": {"BBox": [481.41999999999825, 427.33499999999185, 541.417999999976, 460.93299999999], "BlockAlign": "Middle", "BorderColor": [[0, 0, 0], [0.6235349999999755, 0.6235349999999755, 0.6235349999999755], [0, 0, 0], [0, 0, 0]], "BorderStyle": "Solid", "BorderThickness": [0.625, 0.875, 0.25, 0.5], "ColIndex": 3, "Height": 33.625, "InlineAlign": "Start", "RowIndex": 0, "Width": 60}}, {"Bounds": [483.4100036621094, 443.033203125, 530.1510314941406, 452.4882354736328], "ClipBounds": [483.4100036621094, 443.033203125, 530.1510314941406, 452.4882354736328], "Font": {"alt_family_name": "Arial", "embedded": true, "encoding": "WinAnsiEncoding", "family_name": "Arial", "font_type": "TrueType", "italic": false, "monospaced": false, "name": "UHUDOE+Arial-BoldMT", "subset": true, "weight": 700}, "HasClip": true, "Lang": "en", "Page": 0, "Path": "//Document/Sect[4]/Table/TR/TD[4]/P", "Text": "AMOUNT ", "TextSize": 10.080001831054688, "attributes": {"LineHeight": 12.125}}, {"Bounds": [77.447998046875, 306.9031982421875, 517.7280731201172, 416.8482360839844], "ClipBounds": [77.447998046875, 306.9031982421875, 517.7280731201172, 416.8482360839844], "Page": 0, "Path": "//Document/Sect[4]/Table[2]", "attributes": {"BBox": [71.5170999999973, 289.45999999999185, 540.9379999999946, 424.9349999999977], "NumCol": 4, "NumRow": 4, "Placement": "Block", "SpaceAfter": 18}, "filePaths": ["tables/fileoutpart2.xlsx", "tables/fileoutpart3.png"]}, {"Bounds": [77.447998046875, 407.39320373535156, 175.768310546875, 416.8482360839844], "ClipBounds": [77.447998046875, 407.39320373535156, 175.768310546875, 416.8482360839844], "Page": 0, "Path": "//Document/Sect[4]/Table[2]/TR/TD", "attributes": {"BBox": [71.5170999999973, 389.29599999998754, 358.0649999999878, 424.9349999999977], "BlockAlign": "Before", "BorderColor": [0, 0, 0], "BorderStyle": "Solid", "BorderThickness": [0.625, 0.25, 0.5, 0.25], "ColIndex": 0, "Height": 35.625, "InlineAlign": "Start", "RowIndex": 0, "Width": 286.375}}, {"Bounds": [77.447998046875, 407.39320373535156, 175.768310546875, 416.8482360839844], "ClipBounds": [77.447998046875, 407.39320373535156, 175.768310546875, 416.8482360839844], "Font": {"alt_family_name": "Arial", "embedded": true, "encoding": "WinAnsiEncoding", "family_name": "Arial MT", "font_type": "TrueType", "italic": false, "monospaced": false, "name": "DFIFKM+ArialMT", "subset": true, "weight": 400}, "HasClip": true, "Lang": "en", "Page": 0, "Path": "//Document/Sect[4]/Table[2]/TR/TD/P", "Text": "Tasty Plastic Chicken ", "TextSize": 10.080001831054688, "attributes": {"LineHeight": 12.125}}, {"Bounds": [363.82000732421875, 407.39320373535156, 383.3751983642578, 416.8482360839844], "ClipBounds": [363.82000732421875, 407.39320373535156, 383.3751983642578, 416.8482360839844], "Page": 0, "Path": "//Document/Sect[4]/Table[2]/TR/TD[2]", "attributes": {"BBox": [357.58499999999185, 389.29599999998754, 414.22299999999814, 424.9349999999977], "BlockAlign": "Before", "BorderColor": [0, 0, 0], "BorderStyle": "Solid", "BorderThickness": [0.625, 0.25, 0.25, 0.25], "ColIndex": 1, "Height": 35.625, "InlineAlign": "Start", "RowIndex": 0, "Width": 56.625}}, {"Bounds": [363.82000732421875, 407.39320373535156, 383.3751983642578, 416.8482360839844], "ClipBounds": [363.82000732421875, 407.39320373535156, 383.3751983642578, 416.8482360839844], "Font": {"alt_family_name": "Arial", "embedded": true, "encoding": "WinAnsiEncoding", "family_name": "Arial MT", "font_type": "TrueType", "italic": false, "monospaced": false, "name": "DFIFKM+ArialMT", "subset": true, "weight": 400}, "HasClip": true, "Lang": "en", "Page": 0, "Path": "//Document/Sect[4]/Table[2]/TR/TD[2]/P", "Text": "112 ", "TextSize": 10.080001831054688, "attributes": {"LineHeight": 12.125}}, {"Bounds": [420.3800048828125, 407.39320373535156, 434.86000061035156, 416.8482360839844], "ClipBounds": [420.3800048828125, 407.39320373535156, 434.86000061035156, 416.8482360839844], "Page": 0, "Path": "//Document/Sect[4]/Table[2]/TR/TD[3]", "attributes": {"BBox": [413.74299999998766, 389.29599999998754, 481.8999999999942, 424.9349999999977], "BlockAlign": "Before", "BorderColor": [0, 0, 0], "BorderStyle": "Solid", "BorderThickness": [0.625, 0.25, 0.25, 0.25], "ColIndex": 2, "Height": 35.625, "InlineAlign": "Start", "RowIndex": 0, "Width": 68.125}}, {"Bounds": [420.3800048828125, 407.39320373535156, 434.86000061035156, 416.8482360839844], "ClipBounds": [420.3800048828125, 407.39320373535156, 434.86000061035156, 416.8482360839844], "Font": {"alt_family_name": "Arial", "embedded": true, "encoding": "WinAnsiEncoding", "family_name": "Arial MT", "font_type": "TrueType", "italic": false, "monospaced": false, "name": "DFIFKM+ArialMT", "subset": true, "weight": 400}, "HasClip": true, "Lang": "en", "Page": 0, "Path": "//Document/Sect[4]/Table[2]/TR/TD[3]/P", "Text": "31 ", "TextSize": 10.080001831054688, "attributes": {"LineHeight": 12.125}}, {"Bounds": [487.00999450683594, 407.39320373535156, 517.7280731201172, 416.8482360839844], "ClipBounds": [487.00999450683594, 407.39320373535156, 517.7280731201172, 416.8482360839844], "Page": 0, "Path": "//Document/Sect[4]/Table[2]/TR/TD[4]", "attributes": {"BBox": [481.41999999999825, 389.29599999998754, 541.417999999976, 424.9349999999977], "BlockAlign": "Before", "BorderColor": [0, 0, 0], "BorderStyle": "Solid", "BorderThickness": [0.625, 0.25, 0.25, 0.5], "ColIndex": 3, "Height": 35.625, "InlineAlign": "Start", "RowIndex": 0, "Width": 60}}, {"Bounds": [487.00999450683594, 407.39320373535156, 517.7280731201172, 416.8482360839844], "ClipBounds": [487.00999450683594, 407.39320373535156, 517.7280731201172, 416.8482360839844], "Font": {"alt_family_name": "Arial", "embedded": true, "encoding": "WinAnsiEncoding", "family_name": "Arial MT", "font_type": "TrueType", "italic": false, "monospaced": false, "name": "DFIFKM+ArialMT", "subset": true, "weight": 400}, "HasClip": true, "Lang": "en", "Page": 0, "Path": "//Document/Sect[4]/Table[2]/TR/TD[4]/P", "Text": "$3472 ", "TextSize": 10.080001831054688, "attributes": {"LineHeight": 12.125}}, {"Bounds": [77.447998046875, 373.89320373535156, 190.0213623046875, 383.3482360839844], "ClipBounds": [77.447998046875, 373.89320373535156, 190.0213623046875, 383.3482360839844], "Page": 0, "Path": "//Document/Sect[4]/Table[2]/TR[2]/TD", "attributes": {"BBox": [71.5170999999973, 356.1779999999999, 358.0649999999878, 389.775999999998], "BlockAlign": "Before", "BorderColor": [0, 0, 0], "BorderStyle": "Solid", "BorderThickness": [0.25, 0.25, 0.5, 0.25], "ColIndex": 0, "Height": 33.625, "InlineAlign": "Start", "RowIndex": 1, "Width": 286.375}}, {"Bounds": [77.447998046875, 373.89320373535156, 190.0213623046875, 383.3482360839844], "ClipBounds": [77.447998046875, 373.89320373535156, 190.0213623046875, 383.3482360839844], "Font": {"alt_family_name": "Arial", "embedded": true, "encoding": "WinAnsiEncoding", "family_name": "Arial MT", "font_type": "TrueType", "italic": false, "monospaced": false, "name": "DFIFKM+ArialMT", "subset": true, "weight": 400}, "HasClip": true, "Lang": "en", "Page": 0, "Path": "//Document/Sect[4]/Table[2]/TR[2]/TD/P", "Text": "Intelligent Wooden Chair ", "TextSize": 10.080001831054688, "attributes": {"LineHeight": 12.125}}, {"Bounds": [363.82000732421875, 373.89320373535156, 383.3751983642578, 383.3482360839844], "ClipBounds": [363.82000732421875, 373.89320373535156, 383.3751983642578, 383.3482360839844], "Page": 0, "Path": "//Document/Sect[4]/Table[2]/TR[2]/TD[2]", "attributes": {"BBox": [357.58499999999185, 356.1779999999999, 414.22299999999814, 389.775999999998], "BlockAlign": "Before", "BorderColor": [0, 0, 0], "BorderStyle": "Solid", "BorderThickness": 0.25, "ColIndex": 1, "Height": 33.625, "InlineAlign": "Start", "RowIndex": 1, "Width": 56.625}}, {"Bounds": [363.82000732421875, 373.89320373535156, 383.3751983642578, 383.3482360839844], "ClipBounds": [363.82000732421875, 373.89320373535156, 383.3751983642578, 383.3482360839844], "Font": {"alt_family_name": "Arial", "embedded": true, "encoding": "WinAnsiEncoding", "family_name": "Arial MT", "font_type": "TrueType", "italic": false, "monospaced": false, "name": "DFIFKM+ArialMT", "subset": true, "weight": 400}, "HasClip": true, "Lang": "en", "Page": 0, "Path": "//Document/Sect[4]/Table[2]/TR[2]/TD[2]/P", "Text": "101 ", "TextSize": 10.080001831054688, "attributes": {"LineHeight": 12.125}}, {"Bounds": [420.3800048828125, 373.89320373535156, 434.86000061035156, 383.3482360839844], "ClipBounds": [420.3800048828125, 373.89320373535156, 434.86000061035156, 383.3482360839844], "Page": 0, "Path": "//Document/Sect[4]/Table[2]/TR[2]/TD[3]", "attributes": {"BBox": [413.74299999998766, 356.1779999999999, 481.8999999999942, 389.775999999998], "BlockAlign": "Before", "BorderColor": [0, 0, 0], "BorderStyle": "Solid", "BorderThickness": 0.25, "ColIndex": 2, "Height": 33.625, "InlineAlign": "Start", "RowIndex": 1, "Width": 68.125}}, {"Bounds": [420.3800048828125, 373.89320373535156, 434.86000061035156, 383.3482360839844], "ClipBounds": [420.3800048828125, 373.89320373535156, 434.86000061035156, 383.3482360839844], "Font": {"alt_family_name": "Arial", "embedded": true, "encoding": "WinAnsiEncoding", "family_name": "Arial MT", "font_type": "TrueType", "italic": false, "monospaced": false, "name": "DFIFKM+ArialMT", "subset": true, "weight": 400}, "HasClip": true, "Lang": "en", "Page": 0, "Path": "//Document/Sect[4]/Table[2]/TR[2]/TD[3]/P", "Text": "29 ", "TextSize": 10.080001831054688, "attributes": {"LineHeight": 12.125}}, {"Bounds": [487.00999450683594, 373.89320373535156, 517.7280731201172, 383.3482360839844], "ClipBounds": [487.00999450683594, 373.89320373535156, 517.7280731201172, 383.3482360839844], "Page": 0, "Path": "//Document/Sect[4]/Table[2]/TR[2]/TD[4]", "attributes": {"BBox": [481.41999999999825, 356.1779999999999, 541.417999999976, 389.775999999998], "BlockAlign": "Before", "BorderColor": [0, 0, 0], "BorderStyle": "Solid", "BorderThickness": [0.25, 0.25, 0.25, 0.5], "ColIndex": 3, "Height": 33.625, "InlineAlign": "Start", "RowIndex": 1, "Width": 60}}, {"Bounds": [487.00999450683594, 373.89320373535156, 517.7280731201172, 383.3482360839844], "ClipBounds": [487.00999450683594, 373.89320373535156, 517.7280731201172, 383.3482360839844], "Font": {"alt_family_name": "Arial", "embedded": true, "encoding": "WinAnsiEncoding", "family_name": "Arial MT", "font_type": "TrueType", "italic": false, "monospaced": false, "name": "DFIFKM+ArialMT", "subset": true, "weight": 400}, "HasClip": true, "Lang": "en", "Page": 0, "Path": "//Document/Sect[4]/Table[2]/TR[2]/TD[4]/P", "Text": "$2929 ", "TextSize": 10.080001831054688, "attributes": {"LineHeight": 12.125}}, {"Bounds": [77.447998046875, 340.38319396972656, 174.84095764160156, 349.83824157714844], "ClipBounds": [77.447998046875, 340.38319396972656, 174.84095764160156, 349.83824157714844], "Page": 0, "Path": "//Document/Sect[4]/Table[2]/TR[3]/TD", "attributes": {"BBox": [71.5170999999973, 323.778999999995, 358.0649999999878, 356.6579999999958], "BlockAlign": "Before", "BorderColor": [0, 0, 0], "BorderStyle": "Solid", "BorderThickness": [0.25, 0.25, 0.5, 0.25], "ColIndex": 0, "Height": 32.875, "InlineAlign": "Start", "RowIndex": 2, "Width": 286.375}}, {"Bounds": [77.447998046875, 340.38319396972656, 174.84095764160156, 349.83824157714844], "ClipBounds": [77.447998046875, 340.38319396972656, 174.84095764160156, 349.83824157714844], "Font": {"alt_family_name": "Arial", "embedded": true, "encoding": "WinAnsiEncoding", "family_name": "Arial MT", "font_type": "TrueType", "italic": false, "monospaced": false, "name": "DFIFKM+ArialMT", "subset": true, "weight": 400}, "HasClip": true, "Lang": "en", "Page": 0, "Path": "//Document/Sect[4]/Table[2]/TR[3]/TD/P", "Text": "Rustic Rubber Shoes ", "TextSize": 10.080001831054688, "attributes": {"LineHeight": 12.125}}, {"Bounds": [363.82000732421875, 340.38319396972656, 378.3000030517578, 349.83824157714844], "ClipBounds": [363.82000732421875, 340.38319396972656, 378.3000030517578, 349.83824157714844], "Page": 0, "Path": "//Document/Sect[4]/Table[2]/TR[3]/TD[2]", "attributes": {"BBox": [357.58499999999185, 323.778999999995, 414.22299999999814, 356.6579999999958], "BlockAlign": "Before", "BorderColor": [0, 0, 0], "BorderStyle": "Solid", "BorderThickness": 0.25, "ColIndex": 1, "Height": 32.875, "InlineAlign": "Start", "RowIndex": 2, "Width": 56.625}}, {"Bounds": [363.82000732421875, 340.38319396972656, 378.3000030517578, 349.83824157714844], "ClipBounds": [363.82000732421875, 340.38319396972656, 378.3000030517578, 349.83824157714844], "Font": {"alt_family_name": "Arial", "embedded": true, "encoding": "WinAnsiEncoding", "family_name": "Arial MT", "font_type": "TrueType", "italic": false, "monospaced": false, "name": "DFIFKM+ArialMT", "subset": true, "weight": 400}, "HasClip": true, "Lang": "en", "Page": 0, "Path": "//Document/Sect[4]/Table[2]/TR[3]/TD[2]/P", "Text": "91 ", "TextSize": 10.080001831054688, "attributes": {"LineHeight": 12.125}}, {"Bounds": [420.3800048828125, 340.38319396972656, 434.86000061035156, 349.83824157714844], "ClipBounds": [420.3800048828125, 340.38319396972656, 434.86000061035156, 349.83824157714844], "Page": 0, "Path": "//Document/Sect[4]/Table[2]/TR[3]/TD[3]", "attributes": {"BBox": [413.74299999998766, 323.778999999995, 481.8999999999942, 356.6579999999958], "BlockAlign": "Before", "BorderColor": [0, 0, 0], "BorderStyle": "Solid", "BorderThickness": 0.25, "ColIndex": 2, "Height": 32.875, "InlineAlign": "Start", "RowIndex": 2, "Width": 68.125}}, {"Bounds": [420.3800048828125, 340.38319396972656, 434.86000061035156, 349.83824157714844], "ClipBounds": [420.3800048828125, 340.38319396972656, 434.86000061035156, 349.83824157714844], "Font": {"alt_family_name": "Arial", "embedded": true, "encoding": "WinAnsiEncoding", "family_name": "Arial MT", "font_type": "TrueType", "italic": false, "monospaced": false, "name": "DFIFKM+ArialMT", "subset": true, "weight": 400}, "HasClip": true, "Lang": "en", "Page": 0, "Path": "//Document/Sect[4]/Table[2]/TR[3]/TD[3]/P", "Text": "75 ", "TextSize": 10.080001831054688, "attributes": {"LineHeight": 12.125}}, {"Bounds": [487.00999450683594, 340.38319396972656, 517.7280731201172, 349.83824157714844], "ClipBounds": [487.00999450683594, 340.38319396972656, 517.7280731201172, 349.83824157714844], "Page": 0, "Path": "//Document/Sect[4]/Table[2]/TR[3]/TD[4]", "attributes": {"BBox": [481.41999999999825, 323.778999999995, 541.417999999976, 356.6579999999958], "BlockAlign": "Before", "BorderColor": [0, 0, 0], "BorderStyle": "Solid", "BorderThickness": [0.25, 0.25, 0.25, 0.5], "ColIndex": 3, "Height": 32.875, "InlineAlign": "Start", "RowIndex": 2, "Width": 60}}, {"Bounds": [487.00999450683594, 340.38319396972656, 517.7280731201172, 349.83824157714844], "ClipBounds": [487.00999450683594, 340.38319396972656, 517.7280731201172, 349.83824157714844], "Font": {"alt_family_name": "Arial", "embedded": true, "encoding": "WinAnsiEncoding", "family_name": "Arial MT", "font_type": "TrueType", "italic": false, "monospaced": false, "name": "DFIFKM+ArialMT", "subset": true, "weight": 400}, "HasClip": true, "Lang": "en", "Page": 0, "Path": "//Document/Sect[4]/Table[2]/TR[3]/TD[4]/P", "Text": "$6825 ", "TextSize": 10.080001831054688, "attributes": {"LineHeight": 12.125}}, {"Bounds": [77.447998046875, 306.9031982421875, 185.5963134765625, 316.3582458496094], "ClipBounds": [77.447998046875, 306.9031982421875, 185.5963134765625, 316.3582458496094], "Page": 0, "Path": "//Document/Sect[4]/Table[2]/TR[4]/TD", "attributes": {"BBox": [71.5170999999973, 288.85999999998603, 358.0649999999878, 324.2589999999909], "BlockAlign": "Before", "BorderColor": [0, 0, 0], "BorderStyle": "Solid", "BorderThickness": [0.25, 0.625, 0.5, 0.25], "ColIndex": 0, "Height": 35.375, "InlineAlign": "Start", "RowIndex": 3, "Width": 286.375}}, {"Bounds": [77.447998046875, 306.9031982421875, 185.5963134765625, 316.3582458496094], "ClipBounds": [77.447998046875, 306.9031982421875, 185.5963134765625, 316.3582458496094], "Font": {"alt_family_name": "Arial", "embedded": true, "encoding": "WinAnsiEncoding", "family_name": "Arial MT", "font_type": "TrueType", "italic": false, "monospaced": false, "name": "DFIFKM+ArialMT", "subset": true, "weight": 400}, "HasClip": true, "Lang": "en", "Page": 0, "Path": "//Document/Sect[4]/Table[2]/TR[4]/TD/P", "Text": "Generic Rubber Towels ", "TextSize": 10.080001831054688, "attributes": {"LineHeight": 12.125}}, {"Bounds": [363.82000732421875, 306.9031982421875, 378.3000030517578, 316.3582458496094], "ClipBounds": [363.82000732421875, 306.9031982421875, 378.3000030517578, 316.3582458496094], "Page": 0, "Path": "//Document/Sect[4]/Table[2]/TR[4]/TD[2]", "attributes": {"BBox": [357.58499999999185, 288.85999999998603, 414.22299999999814, 324.2589999999909], "BlockAlign": "Before", "BorderColor": [0, 0, 0], "BorderStyle": "Solid", "BorderThickness": [0.25, 0.625, 0.25, 0.25], "ColIndex": 1, "Height": 35.375, "InlineAlign": "Start", "RowIndex": 3, "Width": 56.625}}, {"Bounds": [363.82000732421875, 306.9031982421875, 378.3000030517578, 316.3582458496094], "ClipBounds": [363.82000732421875, 306.9031982421875, 378.3000030517578, 316.3582458496094], "Font": {"alt_family_name": "Arial", "embedded": true, "encoding": "WinAnsiEncoding", "family_name": "Arial MT", "font_type": "TrueType", "italic": false, "monospaced": false, "name": "DFIFKM+ArialMT", "subset": true, "weight": 400}, "HasClip": true, "Lang": "en", "Page": 0, "Path": "//Document/Sect[4]/Table[2]/TR[4]/TD[2]/P", "Text": "14 ", "TextSize": 10.080001831054688, "attributes": {"LineHeight": 12.125}}, {"Bounds": [420.3800048828125, 306.9031982421875, 434.86000061035156, 316.3582458496094], "ClipBounds": [420.3800048828125, 306.9031982421875, 434.86000061035156, 316.3582458496094], "Page": 0, "Path": "//Document/Sect[4]/Table[2]/TR[4]/TD[3]", "attributes": {"BBox": [413.74299999998766, 288.85999999998603, 481.8999999999942, 324.2589999999909], "BlockAlign": "Before", "BorderColor": [0, 0, 0], "BorderStyle": "Solid", "BorderThickness": [0.25, 0.625, 0.25, 0.25], "ColIndex": 2, "Height": 35.375, "InlineAlign": "Start", "RowIndex": 3, "Width": 68.125}}, {"Bounds": [420.3800048828125, 306.9031982421875, 434.86000061035156, 316.3582458496094], "ClipBounds": [420.3800048828125, 306.9031982421875, 434.86000061035156, 316.3582458496094], "Font": {"alt_family_name": "Arial", "embedded": true, "encoding": "WinAnsiEncoding", "family_name": "Arial MT", "font_type": "TrueType", "italic": false, "monospaced": false, "name": "DFIFKM+ArialMT", "subset": true, "weight": 400}, "HasClip": true, "Lang": "en", "Page": 0, "Path": "//Document/Sect[4]/Table[2]/TR[4]/TD[3]/P", "Text": "20 ", "TextSize": 10.080001831054688, "attributes": {"LineHeight": 12.125}}, {"Bounds": [487.00999450683594, 306.9031982421875, 512.3251953125, 316.3582458496094], "ClipBounds": [487.00999450683594, 306.9031982421875, 512.3251953125, 316.3582458496094], "Page": 0, "Path": "//Document/Sect[4]/Table[2]/TR[4]/TD[4]", "attributes": {"BBox": [481.41999999999825, 288.85999999998603, 541.417999999976, 324.2589999999909], "BlockAlign": "Before", "BorderColor": [0, 0, 0], "BorderStyle": "Solid", "BorderThickness": [0.25, 0.625, 0.25, 0.5], "ColIndex": 3, "Height": 35.375, "InlineAlign": "Start", "RowIndex": 3, "Width": 60}}, {"Bounds": [487.00999450683594, 306.9031982421875, 512.3251953125, 316.3582458496094], "ClipBounds": [487.00999450683594, 306.9031982421875, 512.3251953125, 316.3582458496094], "Font": {"alt_family_name": "Arial", "embedded": true, "encoding": "WinAnsiEncoding", "family_name": "Arial MT", "font_type": "TrueType", "italic": false, "monospaced": false, "name": "DFIFKM+ArialMT", "subset": true, "weight": 400}, "HasClip": true, "Lang": "en", "Page": 0, "Path": "//Document/Sect[4]/Table[2]/TR[4]/TD[4]/P", "Text": "$280 ", "TextSize": 10.080001831054688, "attributes": {"LineHeight": 12.125}}, {"Bounds": [77.447998046875, 193.43319702148438, 522.3792724609375, 236.3982391357422], "ClipBounds": [77.447998046875, 193.43319702148438, 522.3792724609375, 236.3982391357422], "Page": 0, "Path": "//Document/Sect[4]/Table[3]", "attributes": {"BBox": [77.03689999999915, 195.62399999999616, 519.8189999999886, 234.74299999999494], "NumCol": 2, "NumRow": 2, "Placement": "Block", "SpaceAfter": 18}, "filePaths": ["tables/fileoutpart4.xlsx", "tables/fileoutpart5.png"]}, {"Bounds": [77.447998046875, 226.94320678710938, 120.4593505859375, 236.3982391357422], "ClipBounds": [77.447998046875, 226.94320678710938, 120.4593505859375, 236.3982391357422], "Page": 0, "Path": "//Document/Sect[4]/Table[3]/TR/TD", "attributes": {"BBox": [77.03689999999915, 210.26399999999558, 358.54499999999825, 234.74299999999494], "BlockAlign": "Before", "ColIndex": 0, "Height": 24.5, "InlineAlign": "Start", "RowIndex": 0, "Width": 281.5}}, {"Bounds": [77.447998046875, 226.94320678710938, 120.4593505859375, 236.3982391357422], "ClipBounds": [77.447998046875, 226.94320678710938, 120.4593505859375, 236.3982391357422], "Font": {"alt_family_name": "Arial", "embedded": true, "encoding": "WinAnsiEncoding", "family_name": "Arial", "font_type": "TrueType", "italic": false, "monospaced": false, "name": "UHUDOE+Arial-BoldMT", "subset": true, "weight": 700}, "HasClip": true, "Lang": "en", "Page": 0, "Path": "//Document/Sect[4]/Table[3]/TR/TD/P", "Text": "Subtotal ", "TextSize": 10.080001831054688, "attributes": {"LineHeight": 12.125}}, {"Bounds": [485.92999267578125, 226.94320678710938, 522.3792724609375, 236.3982391357422], "ClipBounds": [485.92999267578125, 226.94320678710938, 522.3792724609375, 236.3982391357422], "Page": 0, "Path": "//Document/Sect[4]/Table[3]/TR/TD[2]", "attributes": {"BBox": [358.54499999999825, 210.26399999999558, 519.8189999999886, 234.74299999999494], "BlockAlign": "Before", "ColIndex": 1, "Height": 24.5, "InlineAlign": "End", "RowIndex": 0, "Width": 161.25}}, {"Bounds": [485.92999267578125, 226.94320678710938, 522.3792724609375, 236.3982391357422], "ClipBounds": [485.92999267578125, 226.94320678710938, 522.3792724609375, 236.3982391357422], "Font": {"alt_family_name": "Arial", "embedded": true, "encoding": "WinAnsiEncoding", "family_name": "Arial MT", "font_type": "TrueType", "italic": false, "monospaced": false, "name": "DFIFKM+ArialMT", "subset": true, "weight": 400}, "HasClip": true, "Lang": "en", "Page": 0, "Path": "//Document/Sect[4]/Table[3]/TR/TD[2]/P", "Text": "$13506 ", "TextSize": 10.080001831054688, "attributes": {"LineHeight": 12.125}}, {"Bounds": [77.447998046875, 193.43319702148438, 109.73143005371094, 202.88824462890625], "ClipBounds": [77.447998046875, 193.43319702148438, 109.73143005371094, 202.88824462890625], "Page": 0, "Path": "//Document/Sect[4]/Table[3]/TR[2]/TD", "attributes": {"BBox": [77.03689999999915, 195.62399999999616, 358.54499999999825, 210.26399999999558], "BlockAlign": "After", "ColIndex": 0, "Height": 14.625, "InlineAlign": "Start", "RowIndex": 1, "Width": 281.5}}, {"Bounds": [77.447998046875, 193.43319702148438, 109.73143005371094, 202.88824462890625], "ClipBounds": [77.447998046875, 193.43319702148438, 109.73143005371094, 202.88824462890625], "Font": {"alt_family_name": "Arial", "embedded": true, "encoding": "WinAnsiEncoding", "family_name": "Arial", "font_type": "TrueType", "italic": false, "monospaced": false, "name": "UHUDOE+Arial-BoldMT", "subset": true, "weight": 700}, "HasClip": true, "Lang": "en", "Page": 0, "Path": "//Document/Sect[4]/Table[3]/TR[2]/TD/P", "Text": "Tax % ", "TextSize": 10.080001831054688, "attributes": {"LineHeight": 12.125}}, {"Bounds": [485.92999267578125, 193.43319702148438, 500.4100036621094, 202.88824462890625], "ClipBounds": [485.92999267578125, 193.43319702148438, 500.4100036621094, 202.88824462890625], "Page": 0, "Path": "//Document/Sect[4]/Table[3]/TR[2]/TD[2]", "attributes": {"BBox": [358.54499999999825, 195.62399999999616, 519.8189999999886, 210.26399999999558], "BlockAlign": "After", "ColIndex": 1, "Height": 14.625, "InlineAlign": "End", "RowIndex": 1, "Width": 161.25}}, {"Bounds": [485.92999267578125, 193.43319702148438, 500.4100036621094, 202.88824462890625], "ClipBounds": [485.92999267578125, 193.43319702148438, 500.4100036621094, 202.88824462890625], "Font": {"alt_family_name": "Arial", "embedded": true, "encoding": "WinAnsiEncoding", "family_name": "Arial MT", "font_type": "TrueType", "italic": false, "monospaced": false, "name": "DFIFKM+ArialMT", "subset": true, "weight": 400}, "HasClip": true, "Lang": "en", "Page": 0, "Path": "//Document/Sect[4]/Table[3]/TR[2]/TD[2]/P", "Text": "10 ", "TextSize": 10.080001831054688, "attributes": {"LineHeight": 12.125}}, {"Bounds": [77.447998046875, 95.82719421386719, 126.14447021484375, 105.28224182128906], "ClipBounds": [77.447998046875, 95.82719421386719, 126.14447021484375, 105.28224182128906], "Font": {"alt_family_name": "Arial", "embedded": true, "encoding": "WinAnsiEncoding", "family_name": "Arial", "font_type": "TrueType", "italic": false, "monospaced": false, "name": "UHUDOE+Arial-BoldMT", "subset": true, "weight": 700}, "HasClip": true, "Lang": "en", "Page": 0, "Path": "//Document/Sect[5]/H1", "Text": "Total Due ", "TextSize": 10.080001831054688, "attributes": {"SpaceAfter": 16.125}}, {"Bounds": [485.92999267578125, 93.89399719238281, 526.1329956054688, 102.33599853515625], "ClipBounds": [485.92999267578125, 93.89399719238281, 526.1329956054688, 102.33599853515625], "Font": {"alt_family_name": "Arial", "embedded": true, "encoding": "WinAnsiEncoding", "family_name": "Arial MT", "font_type": "TrueType", "italic": false, "monospaced": false, "name": "DFIFKM+ArialMT", "subset": true, "weight": 400}, "HasClip": true, "Lang": "en", "Page": 0, "Path": "//Document/Sect[5]/P", "Text": "$14856.6 ", "TextSize": 9.0, "attributes": {"LineHeight": 10.75}}], "pages": [{"boxes": {"CropBox": [0.0, 0.0, 612.0, 792.0], "MediaBox": [0.0, 0.0, 612.0, 792.0]}, "height": 792.0, "is_scanned": false, "page_number": 0, "rotation": 0, "width": 612.0}]}